root,path,depth,button_name,query,message,child_count,utility_buttons,external_urls
고유가 피해지원금 안내,고유가 피해지원금 안내,0,고유가 피해지원금 안내,btn_최상위_고유가피해지원금안내_default,화성시에서 제공되는 보건 · 복지 관련 관심있는 정보를 선택해 주시면 자세하게 알려드리겠습니다🙂,31,🏠처음으로,
고유가 피해지원금 안내,고유가 피해지원금 안내 > 보건소 위치,1,보건소 위치,btn_보건·복지_보건소 위치_default,"보건소 위치에 대해 알려드릴게요😊
🔹만세구보건소
┗경기도 화성시 만세구 향남읍3.1만세로 1055 (발안리 309)
🔹효행구보건소
┗경기도 화성시 효행구 봉담읍 동화새터길 109
🔹병점구보건소
┗경기도 화성시 떡전골로 72-3 (병점동 400-6)
🔹동탄구보건소
┗경기도 화성시 노작로 226-9 (석우동 60)",0,보건 · 복지 안내|🏠처음으로,
고유가 피해지원금 안내,고유가 피해지원금 안내 > 보건소 각종 검사 안내,1,보건소 각종 검사 안내,btn_보건·복지_보건소 검사 종류_default,"화성시 보건소에서는 결핵, 성인병, 간염, 풍진, 예비신혼부부, 성병, 골다공증 등 여러 가지 검사를 받을 수 있습니다.😊
💡자세한 정보는 홈페이지를 확인해 주시기 바랍니다.",0,보건 · 복지 안내|🏠처음으로,
고유가 피해지원금 안내,고유가 피해지원금 안내 > 보건증 업무,1,보건증 업무,btn_복지_건강진단서(보건증)_상위 인텐트_default,"건강진단결과서(보건증) 신청정보, 신청방법 및 신청 후 발급방법 관련 안내 가능합니다.
원하시는 항목을 선택해 주시면 자세하게 알려드리겠습니다.",0,보건 · 복지 안내|🏠처음으로,
고유가 피해지원금 안내,고유가 피해지원금 안내 > 의료기관 및 약국정보,1,의료기관 및 약국정보,btn_보건·복지_의료기관 및 약국정보_default,의료기관 및 약국 정보에 대해 알려드릴게요🫡,0,보건 · 복지 안내|🏠처음으로,
고유가 피해지원금 안내,고유가 피해지원금 안내 > 조리사 면허증,1,조리사 면허증,btn_보건·복지_조리사 면허증 신규 발급_default,"조리사 면허증 신규 발급에 대해 안내해드리겠습니다🙂
조리사가 되려는 자는 「국가기술자격법」에 따라 해당 기능 분야의 자격을 얻은 후 시에 조리사 면허를 받아야 합니다.
🔹방문 🔹정부24 발급 신청이 가능합니다.",0,조리사 면허증 재발급|보건복지 안내|🏠처음으로,
고유가 피해지원금 안내,고유가 피해지원금 안내 > 묘지 업무 관련,1,묘지 업무 관련,btn_복지_묘지 개장신고_상위 인텐트_default,"묘지 신규 설치 허가와 매장·개장 신고 업무로 나눠집니다.
원하시는 업무를 선택해 주시면 자세하게 알려드리겠습니다.",0,보건 · 복지 안내|🏠처음으로,
고유가 피해지원금 안내,고유가 피해지원금 안내 > 화성시 사설 납골당,1,화성시 사설 납골당,btn_복지_화성시 관내 납골당_상위 인텐트_default,"화성시 관내 사설 정보입니다.
1. 효원가족공원 (사설)
🔹주소: 향남읍 동오리 330-26
(도로명주소: 서봉로755번길 17-15)
2. 동탄추모관 (사설)
🔹주소: 송동 448
(도로명주소: 동탄기흥로 64-42)
3. 천주교서울대교구 비봉추모관 (사설)
🔹주소: 비봉면 쌍학리 313-1
(도로명주소: 화성로1946번길 26-11)
원하시는 납골당을 선택해 주시면 연결해 드리겠습니다.",0,보건 · 복지 안내|🏠처음으로,
고유가 피해지원금 안내,고유가 피해지원금 안내 > 화성시 공설 납골당,1,화성시 공설 납골당,btn_복지_함백산 추모공원_상위 인텐트_default,"1. 함백산 추모공원 (공설)
🔹주소: 화성시 매송면 숙곡리 산 12-5
(도로명주소: 서해로 2448-32)
2. 화성시 추모공원 (공설)
🔹주소: 화성시 비봉면 청요리 878
(도로명주소: 주석로 545)",0,보건 · 복지 안내|🏠처음으로,
고유가 피해지원금 안내,고유가 피해지원금 안내 > 화성시 가족센터,1,화성시 가족센터,btn_보건복지_화성시 가족센터_밸류 답변_가정&센터,"화성시 가족센터에서 다양한 지원을 받을 수 있습니다.
<센터정보>
- 주소 : 화성시 태안로 145 유앤아이센터 4층 화성시가족센터
- 상담전화 : 031-225-0333 (전화상담: 070-4484-9650)
- 아이돌봄 : 031-223-0333
- 팩스 : 031-221-1219
- 홈페이지: https://hsfc.familynet.or.kr/center/index.do",0,보건 · 복지 안내|🏠처음으로,
고유가 피해지원금 안내,고유가 피해지원금 안내 > 신생아 출산지원금 지원사업,1,신생아 출산지원금 지원사업,btn_보건·복지_신생아 출산지원금 지원사업_default,"화성시에서는 출산지원금 사업을 진행하고 있습니다.
👉옆으로 넘겨 정보를 확인해 주시기 바랍니다.",0,보건 · 복지 안내|🏠처음으로,
고유가 피해지원금 안내,고유가 피해지원금 안내 > 첫만남 이용권 바우처,1,첫만남 이용권 바우처,btn_보건·복지_첫만남이용권 바우처_default,경력단절이나 소득에 대한 걱정 없이 가정에서 부모와 아이가 함께하는 행복한 시간을 보장하고 아동양육가구의 경제적 부담을 경감하여 양육에 대한 사회적 책임을 강화하기 위한 사업이다.,0,보건 · 복지 안내|🏠처음으로,
고유가 피해지원금 안내,고유가 피해지원금 안내 > 화성 아이사랑키움,1,화성 아이사랑키움,btn_보건·복지_화성 아이사랑키움_default,"화성아이사랑키움은 임신,출산부터 아동,청소년까지 생애주기별 아동관련 지원사업 및 정책정보 등을 한 곳에 모아 화성시민들이 보다 편안하게 정보를 확인할 수 있도록 지원합니다.",0,보건 · 복지 안내|🏠처음으로,
고유가 피해지원금 안내,고유가 피해지원금 안내 > 화성시어린이문화센터,1,화성시어린이문화센터,btn_보건·복지_화성시 어린이문.화센터_default,"화성시 어린이문화센터를 안내해드리겠습니다.
화성시 어린이문화센터는 어린이 복합문화시설로, 어린이들과 함께 '미래를 꿈꾸는 어울림의 공간'입니다. 다채롭고 특색있는 교육 프로그램, 공연, 전시 등을 제공하고 있습니다.
🔹주소: 경기도 화성시 봉담읍 동화길 146
💡자세한 소요시간, 경로, 비용 등은 포털사이트(네이버, 다음 등)나 지도 앱의 빠른길찾기를 통해서 간편하게 조회 가능합니다.",0,보건 · 복지 안내|🏠처음으로,
고유가 피해지원금 안내,고유가 피해지원금 안내 > 화성시 AI놀이터,1,화성시 AI놀이터,btn_보건·복지_화성시 AI놀이터_default,"화성시 AI놀이터에 대해 안내해드리겠습니다.
AI놀이터는 AI기술이 접목되어 알파세대 핵심 역량인 디지털 리터러시와 창의력을 키우며 놀 수 있는 신개념 놀이와 교육의 융합공간입니다.
🔹주소: 경기도 화성시 동탄신리천로 9길 76(동탄9동 행정복지센터 2층)
💡자세한 소요시간, 경로, 비용 등은 포털사이트(네이버, 다음 등)나 지도 앱의 빠른길찾기를 통해서 간편하게 조회 가능합니다.",0,보건 · 복지 안내|🏠처음으로,
고유가 피해지원금 안내,고유가 피해지원금 안내 > 화성시 I신나 놀이터,1,화성시 I신나 놀이터,btn_보건·복지_화성시 I신나 놀이터_default,"화성시 I 신나 놀이터에 대해 안내해드리겠습니다.
I 신나 놀이터는 아이들이 자유롭게 뛰어놀며 상상력과 자기주도성을 마음껏 펼칠 수 있는 공간을 제공합니다.
🔹주소: 경기도 화성시 동탄대로8길 6, 주륜장 2층(산척동)
💡자세한 소요시간, 경로, 비용 등은 포털사이트(네이버, 다음 등)나 지도 앱의 빠른길찾기를 통해서 간편하게 조회 가능합니다.",0,보건 · 복지 안내|🏠처음으로,
고유가 피해지원금 안내,고유가 피해지원금 안내 > 화성시장애인가족지원센터,1,화성시장애인가족지원센터,btn_보건복지_화성시 장애인가족지원센터_밸류 답변_가족,"장애인가족의 욕구를 파악하고 이를 토대로 현실적으로 체감할 수 있는 서비스와 프로그램을 개발하여 장애인가족의 삶의 질을 향상시키기 위한 서비스를 제공하는 센터입니다.
<기관정보>
- 주소: 화성시 향남읍 도이1길 104 화성시아르딤복지관 협회동 301호 · 304호
- 전화: 031-8059-3556
- 팩스: 031-8059-3557
- 홈페이지: https://www.hsfamily.or.kr/
- 이메일: hsfamily2018@hanmail.net",0,보건 · 복지 안내|🏠처음으로,
고유가 피해지원금 안내,고유가 피해지원금 안내 > 경기남부장애인 권익옹호기관,1,경기남부장애인 권익옹호기관,btn_보건복지_경기남부 장애인권익옹호기관_밸류 답변_남부,"장애인의 학대·차별 신고접수, 현장조사 및 응급분리, 피해장애인 지원 및 인권침해 예방을 위해 설치된 장애인학대·차별 대응 전문기관입니다.
<기관정보>
- 주소: 수원시 권선구 서수원로 130(오목천동 677) 경기도장애인복지종합지원센터 누림 208호
- 전화: 031-287-1134
- 장애인학대 신고·차별 신고: 1644-8295
- 팩스: 031-293-2388
- 홈페이지: https://www.ggaapd.or.kr/
- 이메일: ggaapd@hanmail.net",0,보건 · 복지 안내|🏠처음으로,
고유가 피해지원금 안내,고유가 피해지원금 안내 > 화성시정신건강복지센터(부설)자살예방센터,1,화성시정신건강복지센터(부설)자살예방센터,btn_보건복지_화성시 정신건강복지센터_밸류 답변_센터,"정신건강 어려움을 가지고 있는 화성시민의 지역사회 통합돌봄을 위해 센터가 함께합니다.
<기관정보>
- 주소: 만세구 향남읍 향남로 470 화성종합경기타운 실내체육관 1층
- 전화: 031-352-0175
- 팩스: 031-352-0179
- 이메일주소: hsmind365@daum.net
- 자살예방 상담 핫라인: 031-5189-1009
- 홈페이지: https://www.hsmind.or.kr/",0,보건 · 복지 안내|🏠처음으로,
고유가 피해지원금 안내,고유가 피해지원금 안내 > 정신건강 심리상담 바우처사업,1,정신건강 심리상담 바우처사업,btn_보건·복지_정신건강 심리상담 바우처사업_default,"이 º 맘 º 때
이
제,
마음
건강을 돌아봐야 할
때!
“정신건강 심리상담 바우처사업”에서
전문 심리상담을 받으세요!
우울, 불안 등 정서적 어려움이 있는 국민 누구나에게 전문적인 심리상담 서비스를 제공하여
국민의 마음건강을 돌봅니다.",0,보건 · 복지 안내|🏠처음으로,
고유가 피해지원금 안내,고유가 피해지원금 안내 > 화성시 중독관리 통합지원센터,1,화성시 중독관리 통합지원센터,btn_보건복지_화성시 중독관리 통합지원센터_밸류 답변_중독,"중독은 전체 연령에서 고르게 발생하며 이로 인한 폐해범위와 정도가 개인을 넘어 널리 공공에 심각하고 염려할 만한 수준으로 나타나고 있습니다.
본 기관은 알코올, 인터넷, 약물, 도박 등 중독 문제를 가진 분들과 가족, 다양한 중독의 문제로 도움이 필요한 사람들에게 조기발견 및 회복을 위한 전문적인 도움을 제공하고 있습니다.
<기관정보>
- 주소: 화성시 봉담읍 정남면 서봉로 998(신리 260-1)
- 전화: 031-354-6614
- 팩스: 031-352-3727
- 이메일 주소: hsac2010@daum.net
- 홈페이지: h",0,보건 · 복지 안내|🏠처음으로,
고유가 피해지원금 안내,고유가 피해지원금 안내 > 경기도 청년 기본 소득,1,경기도 청년 기본 소득,btn_보건·복지_경기도 청년 기본 소득_default,"경기도 청년기본소득은 행복추구, 삶의 질 향상, 건강 수준 향상 등 청년의 사회적 기본권 보장을 위하여 경기도와 시군이 협력하여 지급하는 정기적인 소득 지원금입니다.
🔹청년기본소득 지원 대상: 신청일 기준 경기도에 주민등록을 두고 있는 만 24세 청년으로 최근 3년 이상 주민등록을 두고 계속 거주 경우 또는 합산 10년 이상 주민등록을 두게되는 경우
🔹지급내용: 분기별 25만원 지급 (최대 4분기 지원)
🔹지급방법: 지역화폐 (주소지 시군 내에서만 사용 원칙)",0,보건 · 복지 안내|🏠처음으로,
고유가 피해지원금 안내,고유가 피해지원금 안내 > 화성시 저출생대응과,1,화성시 저출생대응과,btn_보건복지_화성시 여성가족다문화과_기본 답변_default(여성),"여성다문화과에서 의료비와 심리상담비를 지원 받을 수 있습니다.
◈ 여성폭력(가정폭력, 성폭력, 교제폭력, 스토킹 등) 피해자 의료비 및 심리상담비 실비 지원
- 화성시 여성다문화과: 031-5189-3064",0,보건 · 복지 안내|🏠처음으로,
고유가 피해지원금 안내,고유가 피해지원금 안내 > 화성시 바로희망팀,1,화성시 바로희망팀,btn_보건복지_화성시 가정폭력성폭력_밸류 답변_공동,"도움이 필요한 경우 아래 번호를 눌러주세요.
◈ 화성시 바로희망팀
- 화성시 남양읍 시청로155 모두누림센터 317호(서부)
☎ 031-5183-2916
- 화성시 동탄대로8길36, 동탄호수어울림센터 지하2층(동탄)
☎ 031-5189-5353
👉옆으로 넘겨 정보를 확인해 주시기 바랍니다.",0,보건 · 복지 안내|🏠처음으로,
고유가 피해지원금 안내,고유가 피해지원금 안내 > 화성시 성폭력가정폭력 통합상담소,1,화성시 성폭력가정폭력 통합상담소,btn_보건복지_화성시 가정폭력성폭력_밸류 답변_통합,"도움이 필요한 경우 아래 번호를 눌러주세요.
<상담소 정보>
- 주소: 화성시 동탄대로 8길36 동탄호수공원 어울림센터 A동 지하2층
- 전화:  031-378-5691~2
- FAX: 031-378-5646
- 홈페이지: https://www.hswf.or.kr/hsdc/300
👉옆으로 넘겨 정보를 확인해 주시기 바랍니다.",0,보건 · 복지 안내|🏠처음으로,
고유가 피해지원금 안내,고유가 피해지원금 안내 > 화성시 청소년성문화센터,1,화성시 청소년성문화센터,btn_보건복지_화성시 청소년성문화센터_기본 답변_default(청소년),"화성시청소년성문화센터는 청소년이 올바른 성가치관을 형성하고, 서로를 존중하는 성문화를 실천할 수 있도록 지원하는 공공기관입니다.
◈  청소년의 발달단계에 맞춘 성교육과 성상담, 성문화 활동을 통해 건강하고 긍정적인 성 의식을 기를 수 있도록 돕습니다.
◈  정확한 성지식과 전문적인 상담 지원으로 청소년이 스스로를 존중하고 안전한 관계를 형성할 수 있도록 지원합니다.
◈  지역사회의 다양한 기관과 협력하여 성교육·성인권 교육 및 성상담의 중심 역할을 수행하고 있습니다.
<센터정보>
- 주소: 화성시 여울로 2길 33 나래울종합사회복지",0,보건 · 복지 안내|🏠처음으로,
고유가 피해지원금 안내,고유가 피해지원금 안내 > 화성가정상담소,1,화성가정상담소,btn_보건복지_화성가정상담소_밸류 답변_가정&상담,"화성가정상담소에서 가정폭력의 예방과 피해자 보호를 위한 위기지원 및 치료와 회복의 다양한 상담지원을 하고 있습니다.
<센터정보>
- 주소: 화성시 매송면 원평리 64-5번지 동창빌딩 3층 303호
- 전화: 031-296-1055
- 팩스: 031-296-1076
- 홈페이지: https://family119.net/_site/",0,보건 · 복지 안내|🏠처음으로,
고유가 피해지원금 안내,고유가 피해지원금 안내 > 화성시아동청소년 정신건강복지센터,1,화성시아동청소년 정신건강복지센터,btn_보건복지_화성시 아동청소년 정신건강복지센터_밸류 답변_아동,"초중고 학령기 아동청소년이 겪을 수 있는 다양한 정신건강 문제들을 조기발견하고 개입하여 건강하게 성장할 수 있도록 지원하고 있습니다.
<기관정보>
- 주소: 화성시 봉담읍 효행로 212 1층 (동화리 11-13)
- 전화: 031-305-1010
- 팩스: 070-5151-6788
- 이메일주소: hsmindstep@naver.com
- 홈페이지: https://www.hsmindstep.or.kr/
- 운영시간: 평일 09:00~18:00 (점심시간 12:00~13:00)",0,보건 · 복지 안내|🏠처음으로,
고유가 피해지원금 안내,고유가 피해지원금 안내 > 경기남부노인보호전문기관,1,경기남부노인보호전문기관,btn_보건복지_경기남부 노인보호전문기관_밸류 답변_남부,"도움이 필요한 경우 아래 번호를 눌러주세요.
<기관정보>
- 주소: 수원시 팔달구 인계로 101번길1, 노인회관 4층
- 전화: 031-268-1389 / 24시간 노인학대 긴급전화 1577-1389
- 팩스: 031-601-9332
- 홈페이지: https://gg1389.or.kr/about/?act=sub4_1
- 이메일: gepa1389@gmail.com",0,보건 · 복지 안내|🏠처음으로,
고유가 피해지원금 안내,고유가 피해지원금 안내 > 다누리콜센터,1,다누리콜센터,btn_보건복지_다누리콜센터_기본 답변_default(다누리),"이주여성과 다문화가족의 생애주기에 따른 맞춤형 종합서비스를 제공하고, 폭력피해 이주여성에 대한 상담‧긴급지원 등의 인권보호를 지원하는 다문화가족 종합정보 전화센터입니다.
<센터정보>
- 전화: 1577-1366
- 홈페이지: 다누리포털 www.liveinkorea.kr",0,보건 · 복지 안내|🏠처음으로,
고유가 피해지원금 안내,고유가 피해지원금 안내 > 화성동탄경찰서,1,화성동탄경찰서,btn_보건복지_화성동탄경찰서_밸류 답변_동탄,"동탄경찰서에서 피해신고 및 상담 가능합니다.
- 성폭력: 031-639-1358
- 가정폭력: 031-639-1358, 1231
- 교제폭력(데이트폭력): 031-639-1337
- 스토킹: 031-639-1142
- 문자메시지: 010-9560-3598
※ 위급 시, 112로 신고해 주세요.
※ 상기 휴대전화는 담당 경찰관 업무용 휴대폰입니다. 평일 09:00-18:00 이외 시간 및 휴일 발송하신 문자와 전화는 익일(평일) 09:00 이후 회신이 가능합니다.",0,보건 · 복지 안내|🏠처음으로,
고유가 피해지원금 안내,고유가 피해지원금 안내 > 화성서부경찰서,1,화성서부경찰서,btn_보건복지_화성서부경찰서_밸류 답변_서부,"서부경찰서에서 피해신고 및 상담 가능합니다.
- 성폭력: 031-379-9196
- 가정폭력: 031-379-9218, 9338
- 교제폭력(데이트폭력): 031-379-9196
- 스토킹:
※ 위급 시, 112로 신고해 주세요.
※ 상기 휴대전화는 담당 경찰관 업무용 휴대폰입니다. 평일 09:00-18:00 이외 시간 및 휴일 발송하신 문자와 전화는 익일(평일) 09:00 이후 회신이 가능합니다.",0,보건 · 복지 안내|🏠처음으로,
제주도 물 때,제주도 물 때,0,제주도 물 때,btn_최상위_제주도물때_default,"제부도 바닷길 열리는 시간을 알려드릴게요!
$물때연동
*기상상태에 따라 바다갈라짐 발생 및 지속시간은 편차가 발생할 수 있습니다.
다른 날짜를 원하시면 홈페이지에서 확인해주세요!",0,🏠처음으로,
세정,세정,0,세정,btn_최상위_세정_default,세정업무 관련 원하는 정보를 선택해 주시면 자세하게 알려드리겠습니다🙂,18,🏠처음으로,
세정,세정 > 지방세 안내,1,지방세 안내,btn_최상위_지방세_default,지방세 업무 관련 원하는 정보를 선택해 주시면 자세하게 알려드리겠습니다🙂,8,🏠처음으로,
세정,세정 > 지방세 안내 > 자동차세 안내,2,자동차세 안내,btn_세정_자동차세_상위 인텐트_default,"자동차세 부과기준 입니다.
🔹과세기준일
1기분> 6월 1일
2기분> 12월 1일
🔹납세의무자
① 화성시에 등록되어 있는 자동차 소유자
② 납기 있는 달(6월, 12월) 1일 기준 자동차 등록원부 상 소유자
🔹정기분 과세대상
① 자동차관리법의 규정에 의하여 등록 또는 신고 된 차량
② 건설기계관리법의 규정에 의하여 등록 된 덤프트럭 및 콘크리트 믹서트럭
🔹수시분 과세대상 기준
① 자동차 신규 등록·말소등록한 경우
② 과세기간 중 소유권 이전할 경우 (매매·증여·상속 등)
💡부과 금액 및 추가 문의는 아래 콜센터(1577-4200)로 ",0,세정 안내|🏠처음으로,
세정,세정 > 지방세 안내 > 자동차세 연납 신청 안내,2,자동차세 연납 신청 안내,btn_세정_자동차세 연납 신청_상위 인텐트_default,"자동차세 연납은 🔹위택스🔹콜센터🔹방문 신청이 가능합니다.
원하시는 신청 방식을 선택해 주시면 자세하게 알려드리겠습니다.
👉옆으로 넘겨 정보를 확인해 주시기 바랍니다.",0,세정 안내|🏠처음으로,
세정,세정 > 지방세 안내 > 자동차세 연납 환급 안내,2,자동차세 연납 환급 안내,btn_세정_자동차세 연납 환급_상위 인텐트_default,"자동차세 연납은 매도(말소) 익월 환급 안내문을 발송해 드리고 있습니다.
안내문을 수령한 경우
화성시콜센터
또는
위택스
에서 환급 신청 가능합니다.
📌안내문을
미수령
한 경우 세무부서로 전화 문의 부탁드립니다.
💡추가 문의는 아래 콜센터(1577-4200)로 연락 주시면 자세하게 알려드리겠습니다.
🔹만세구청 세무1과 시세1팀 📞031-5189-1436
🔹만세구청 세무2과 시세2팀 📞031-5189-1430
🔹효행구청 세무과 시세팀 📞031-5189-7637
🔹병점구청 세무과 시세팀 📞031-5189-4094
🔹동탄구청 세무과 시세팀",0,📞콜센터 전화 문의|세정 안내|🏠처음으로,
세정,세정 > 지방세 안내 > 재산세 안내,2,재산세 안내,btn_세정_재산세_상위 인텐트_default,"재산세 부과대상 및 기준에 대해 알려드리겠습니다.
👉옆으로 넘겨 정보를 확인해 주시기 바랍니다.
💡부과 금액 및 추가 문의는 아래 콜센터(1577-4200)로 연락 주시면 자세하게 알려드리겠습니다.",0,세정 안내|🏠처음으로,
세정,세정 > 지방세 안내 > 주민세(개인분) 안내,2,주민세(개인분) 안내,btn_세정_주민세(개인분)_상위 인텐트_default,"주민세(개인분) 부과기준 및 부과, 비과세 대상입니다.
👉옆으로 넘겨 정보를 확인해 주시기 바랍니다.
💡부과 금액 및 추가 문의는 아래 콜센터(1577-4200)로 연락 주시면 자세하게 알려드리겠습니다.",0,세정 안내|🏠처음으로,
세정,세정 > 지방세 안내 > 주민세(사업소분) 안내,2,주민세(사업소분) 안내,btn_세정_주민세(사업소분)_상위 인텐트_default,"주민세(사업소분) 부과기준 입니다.
👉옆으로 넘겨 정보를 확인해 주시기 바랍니다.
💡부과 금액 및 추가 문의는 아래 콜센터(1577-4200)로 연락 주시면 자세하게 알려드리겠습니다.",0,세정 안내|🏠처음으로,
세정,세정 > 지방세 안내 > 부동산 취득세 방문처,2,부동산 취득세 방문처,btn_세정_부동산 취득세_상위 인텐트_default,"부동산 취득세는 물건의 소재지에 따라 방문처가 달라집니다.
🔹만세구청 세무1과 도세1팀
┗향남읍, 우정읍, 장안면, 팔탄면, 양감면
┗경기도 화성시 만세구 향남읍 향남로 470 화성종합경기타운 주경기장 1층, P5 주차장 앞
🔹만세구청 현장민원실 세무2과 도세2팀
┗남양읍, 마도면, 송산면, 서신면, 새솔동
┗경기도 화성시 만세구 남양읍 역골동로 112-34, 4층
🔹효행구청 세무과 도세팀
┗봉담읍, 매송면, 비봉면, 정남면, 기배동
┗경기도 화성시 효행구 봉담읍 최루백로 165 1층
🔹병점구청 세무과 도세팀
┗진안동, 병점1동, ",0,세정 안내|🏠처음으로,
세정,세정 > 지방세 안내 > 등록면허세 안내,2,등록면허세 안내,btn_세정_등록면허세_상위 인텐트_default,"등록면허세 부과기준 입니다.
🔹과세기준일: 매년 1월1일
🔹정기분
┗ 매년 1월 1일 현재 면허를 보유한 자
※ 1월 2일 폐업해도 부과(매년 1월 1일 자정 기준)
🔹수시분
┗ 각 종별 면허를 받거나 면허를 변경하는 자
💡추가 문의는 아래 콜센터(1577-4200)로 연락 주시면 자세하게 알려드리겠습니다.",0,세정 안내|🏠처음으로,
세정,세정 > 지방세 납부 방법,1,지방세 납부 방법,btn_세정_지방세 납부 방법_상위 인텐트_default,"지방세 납부 방법에는🔹방문납부🔹가상계좌🔹인터넷납부🔹ARS 신용카드 납부 방법이 있습니다.
원하는 납부 방식을 선택해 주시면 자세하게 알려드리겠습니다🙂",0,세정 안내|🏠처음으로,
세정,세정 > 지방세 조회 방법,1,지방세 조회 방법,btn_세정_지방세 조회 방법_ARS_default,"지방세는🔹인터넷 조회🔹콜센터 유선 조회가 가능합니다.
원하시는 조회 방식을 선택해 주시면 자세하게 알려드리겠습니다.",0,세정 안내|🏠처음으로,
세정,세정 > 마을세무사 안내,1,마을세무사 안내,btn_세정_마을세무사_상위 인텐트_default,"💡마을 세무사는 세무 상담을 받기 힘든 취약계층 등의 세금 고민 해결을 위해 무료 세무 상담 서비스(재능기부)를 제공하기로 약속한 우리 이웃 세무사입니다.
🔹위촉 기간: 2026.1.1 ~ 2027.12.31
🔹이용 대상: 취약계층, 영세사업자, 전통시장 상인 등 세무사 이용이 어려운 주민
📌일정 금액 이상 재산 보유자는 상담이 제한될 수 있으며, 상담의 범위에는 각종 신고서 작성 · 신고 대행은 포함되지 않음
🔹상담사항: 국세와 지방세 관련 세무 상담, 지방세 불복청구 관련 상담 등
👆담당자 번호는 상세보기를 눌러 확인해 주시기 ",14,세정 안내|🏠처음으로,tel:031-296-5670|tel:031-357-3161|tel:031-359-8781|tel:031-226-2744|tel:031-356-3387|tel:031-354-3306|tel:031-298-2003|tel:031-357-2330|tel:031-358-0019|tel:031-355-2795|tel:031-895-4304|tel:031-374-4584|tel:031-223-3300|tel:031-206-0064
세정,세정 > 개별 주택 가격 안내,1,개별 주택 가격 안내,btn_세정_개별 주택 가격_상위 인텐트_default,"개별 주택 가격은🔹일사편리 경기 부동산정보조회 시스템 인터넷🔹유선 조회 가능합니다.
원하시는 조회 방식을 선택해 주시면 자세하게 알려드리겠습니다.",0,세정 안내|🏠처음으로,
세정,세정 > 공동 주택 가격 안내,1,공동 주택 가격 안내,btn_세정_공동 주택 가격_상위 인텐트_default,"공동 주택 가격은🔹부동산공시가격알리미🔹한국부동산원 유선 조회 가능합니다.
원하시는 조회 방식을 선택해 주시면 자세하게 알려드리겠습니다.",0,세정 안내|🏠처음으로,
세정,세정 > 건축물 시가표준액 안내,1,건축물 시가표준액 안내,btn_세정_건축물 시가표준액_상위 인텐트_default,"건축물 시가표준액은🔹위택스🔹화성시청 콜센터 확인이 가능합니다.
원하시는 확인 방식을 선택해 주시면 자세하게 알려드리겠습니다.",0,세정 안내|🏠처음으로,
세정,세정 > 개별공시지가,1,개별공시지가,btn_세정_개별공시지가_default,"개별공시지가는 부동산공시가격 알리미, 유선 조회 가능합니다.
원하시는 조회 방식을 선택해 주시면 자세하게 알려드리겠습니다.
👆 개별공시지가 지역별 담당자 번호는 상세보기를 눌러 확인해 주시기 바랍니다.",9,세정 안내|🏠처음으로,tel:031-5189-1094|tel:031-5189-1095|tel:031-5189-1096|tel:031-5189-1097|tel:031-5189-7588|tel:031-5189-7589|tel:031-5189-4822|tel:031-5189-6061|tel:031-5189-6065
세정,세정 > 차량 시가표준액 안내,1,차량 시가표준액 안내,btn_세정_차량 시가표준액_상위 인텐트_default,"차량 시가표준액은🔹홈택스 사이트🔹유선 확인이 가능합니다.
📌
자동차 등록증 소지 필수
원하시는 확인 방식을 선택해 주시면 자세하게 알려드리겠습니다.",0,세정 안내|🏠처음으로,
세정,세정 > 지방세 전자고지 신청,1,지방세 전자고지 신청,btn_세정_지방세 전자고지 신청_상위 인텐트_default,"지방세 전자고지 신청은🔹위택스🔹자치단체방문🔹금융사 앱🔹카드사 앱🔹간편결제사 앱에서 가능합니다.
원하시는 신청 방식을 선택해 주시면 자세하게 알려드리겠습니다.",0,세정 안내|🏠처음으로,
세정,세정 > 고지서 송달장소 변경신고,1,고지서 송달장소 변경신고,btn_세정_지방세 고지서 송달장소 변경신고_상위 인텐트_default,"지방세 고지서 송달장소 변경은🔹방문🔹인터넷🔹우편🔹팩스로 신청 가능합니다.
원하시는 신청 방식을 선택해 주시면 자세하게 알려드리겠습니다.",0,세정 안내|🏠처음으로,
세정,세정 > 지방세 세목별 과세증명서,1,지방세 세목별 과세증명서,btn_세정_지방세 세목별 과세증명서_상위 인텐트_default,"지방세 세목별 과세증명서(납부 내역)는
🔹방문🔹인터넷 발급
이 가능합니다.
원하시는 발급 방식을 선택해 주시면 자세하게 알려드리겠습니다.",0,세정 안내|🏠처음으로,
세정,세정 > 지방세 납세 증명서 발급,1,지방세 납세 증명서 발급,btn_세정_지방세 납세(완납) 증명서 발급_상위 인텐트_default,"지방세 납세(완납) 증명서는 발급일 현재 징수유예액 등을 제외하고는 지방세에 대한 다른  체납액 및 결손액이 없다는 사실을 증명하는 서류입니다.
🔹
방문🔹인터넷
발급이 가능합니다.
원하시는 발급 방식을 선택해 주시면 자세하게 알려드리겠습니다.",0,세정 안내|🏠처음으로,
세정,세정 > 지방세 체납 압류 확인,1,지방세 체납 압류 확인,btn_세정_지방세 체납 압류 확인 방법_상위 인텐트_default,"압류된 종류에 따라서 확인 방법이 달라집니다.
🔹차량🔹부동산🔹예금 중 원하시는 확인 방법을 선택해 주시면 자세하게 알려드리겠습니다.",0,세정 안내|🏠처음으로,
세정,세정 > 수납 후 압류해제 기간,1,수납 후 압류해제 기간,btn_세정_지방세 체납 수납 후 해제 기간_상위 인텐트_default,"지방세 체납건 수납 후 🔹차량🔹부동산🔹예금 종류에 따라서 해제 기간이 달라집니다.
1. 차량 압류 해제 기간
┗ 체납건 수납 후 약 30분 정도 경과 시 자동 해제됩니다.
2. 부동산 압류 해제 기간
┗ 체납건 수납 후 등기소 근무일 기준 3~5일 경과 시 자동 해제됩니다.
3. 예금 압류 해제 기간
┗ 체납건 수납 후 2~3일 경과 시 자동 해제됩니다.
💡추가 문의는 아래 콜센터(1577-4200)로 연락 주시면 자세하게 알려드리겠습니다.",0,세정 안내|🏠처음으로,
세정,세정 > 지방세 자동이체 신청,1,지방세 자동이체 신청,btn_세정_지방세 납부 방법_상위 인텐트_자동이체,"지방세 자동이체는 🔹계좌 자동이체 🔹신용카드 자동납부가 있습니다.
원하는 신청 방식을 선택해 주시면 자세하게 알려드리겠습니다🙂",0,세정 안내|🏠처음으로,
세정,세정 > 미지급 지방세환급금 청구 안내,1,미지급 지방세환급금 청구 안내,btn__E22. 세정_기본 답변_지방세 환급금 여부 확인 및 신청 방법_default,"지방세 환급금 여부 확인 및 신청 방법입니다.
🔹인터넷 신청(06:00 ~ 24:00/ 은행 점검 시간 등에는 불가)
└위택스 > 공인인증서 로그인 > 환급계좌 신고
🔹콜센터 환급신청(09:00 ~ 18:00/ 휴무일 제외)
└☎1577-4200 – 콜센터 직원에게 이름, 주민번호/법인등록번호, 휴대폰번호, 은행, 계좌번호, 주소 안내
※ 납세자 본인 계좌가 아닐 경우 별도 서류 필요합니다.
양도 신청 시: 양도요구서, 양도인·양수인 신분증, 통장사본
납세자 사망 시: 가족관계증명서, 상속인 신분증, 통장사본, 상속협의서(필요시)
",0,세정 안내|🏠처음으로,
세정,세정 > 지방세 납부 지연시 가산세,1,지방세 납부 지연시 가산세,btn__E01_01. 세정_기본 답변_지방세 납부 지연시 가산세_default,"본세 기준으로 45만원 미만인 경우 납기 후에 가산세가 3% 한 번만 부과되며 다시 늘어나지는 않습니다.
납기 경과 후 1개월까지는 고지세액의 3%가 가산되고 그 후는 본세가 45만원 이상인 경우 매 1월이 경과할 때마다 0.66%의 가산세가 부과되며, 납기 경과 후 60개월까지 부과됩니다.
💡추가 문의는 아래 콜센터(1577-4200)로 연락해 주시면 자세하게 알려드리겠습니다.",0,세정 안내|🏠처음으로,
교통·차량,교통·차량,0,교통·차량,btn_최상위_교통차량_default,교통 · 차량 업무 관련 원하는 정보를 선택해 주시면 자세하게 알려드리겠습니다🙂,22,🏠처음으로,
교통·차량,교통·차량 > 차량등록과,1,차량등록과,btn_교통차량_화성시 관내 차량등록 사업소_상위 인텐트_default,화성시 차량등록과 정보를 알려드리겠습니다.🙂,0,교통 · 차량 안내|🏠처음으로,
교통·차량,교통·차량 > 자동차 등록 관련 안내,1,자동차 등록 관련 안내,btn_최상위_자동차 등록_default,자동차 업무 관련 원하는 정보를 선택해 주시면 자세하게 알려드리겠습니다🙂,7,교통 · 차량 안내|🏠처음으로,
교통·차량,교통·차량 > 자동차 등록 관련 안내 > 자동차 신규 등록,2,자동차 신규 등록,btn_교통차량_자동차 등록 방법_인터넷 신규등록_default,"자동차 신규 등록은
자동차365
와
방문
등록이 가능합니다.
1. 자동차365에서 인터넷 등록 가능합니다.
🔹대상: 위택스 가입자, 저당 없이 구입차(즉, 현금 구매한 차량), 국산차, 신조자동차(비영업용), 임시운행허가 차량, 공채 인터넷 뱅킹 납부 가능자
📌다음의 경우 등록 불가
┗ 공동명의로 등록 원하는 경우
┗ 자동차 등록번호를 직접 선택 희망하는 경우
┗ 차량 취득세 분할 납부 희망하는 경우
┗ 비과세 감면 대상 차량(장애인, 국가유공자, 경차, 하이브리드 및 전기차 등)
┗ 차고지 신고해야 하는 대상자
┗ 영업용, 법인,",0,교통 · 차량 안내|🏠처음으로,
교통·차량,교통·차량 > 자동차 등록 관련 안내 > 자동차 이전 등록,2,자동차 이전 등록,btn_교통차량_자동차 등록 방법_인터넷 이전등록_default,"자동차 이전 등록은
자동차365
와
방문
등록이 가능합니다.
1. 자동차365에서 인터넷 등록 가능합니다.
🔹대상: 양도인, 양수인 모두 공인인증서 로그인 후 작성한 양도증명서 PDF 파일로 변환한 뒤 첨부가 가능한자
📌다음의 경우 인터넷 등록 불가
┗ 영업용,법인/사업자용 차량
┗ 기존 공동명의 차량 또는 공동명의 등록 예정 차량
┗ 번호판 변경 원하거나 지역번호판인 경우
┗ 비과세 감면 대상 차량(장애인, 국가유공자, 경차, 하이브리드 및 전기차 등)
┗ 차고지 신고해야 하는 대상자
┗ 공채 매입 원하는 경우
2. 화성시 방문기",0,교통 · 차량 안내|🏠처음으로,
교통·차량,교통·차량 > 자동차 등록 관련 안내 > 자동차 변경 등록,2,자동차 변경 등록,btn_교통차량_자동차 변경 등록_상위 인텐트_default,"자동차 변경 등록 대상 기준 입니다.
🔹주소, 사용본거지, 상호 변경해야합니다.
* 법인등록번호 등 변경 된 경우는 변경 등록이 아닌 이전등록 업무 필요
🔹화성시 관내 이전일 경우 호수, 층수만 변경 될 경우 및 기존 법인등기부등본 상 조금이라도 변경이 있을 경우 반드시 변경해야합니다.
💡
개인
,
법인
구비서류 및 등록 대상이 상이합니다.
원하는 내용을 선택해 주시면 자세하게 알려드리겠습니다.",0,교통 · 차량 안내|🏠처음으로,
교통·차량,교통·차량 > 자동차 등록 관련 안내 > 자동차 말소 등록,2,자동차 말소 등록,btn_교통차량_자동차 등록 방법_인터넷 말소등록_default,"자동차 말소 등록은
자동차365
와
방문
등록이 가능합니다.
1. 자동차365에서 인터넷 등록 가능합니다.
🔹대상: 위택스 가입자, 폐차인수증명서 받을 수 있는 차량
📌다음의 경우 인터넷 등록 불가
┗ 차령초과, 영업용 차량
2. 화성시 방문기준 자동차 말소 등록 구비서류 안내해 드리겠습니다.
🔸타지자체 방문하는 경우 방문처로 구비서류 확인 후 방문 必
🔸개인 단독명의 일반승용차 폐차 말소 외 업무는 콜센터(1577-4200)로 연락 주시면 자세하게 알려드리겠습니다.
👉옆으로 넘겨 정보를 확인해 주시기 바랍니다.",0,교통 · 차량 안내|🏠처음으로,
교통·차량,교통·차량 > 자동차 등록 관련 안내 > 이륜차 등록,2,이륜차 등록,btn_교통차량_이륜차 등록_상위 인텐트_default,"이륜차 등록업무는 주소지 관계없이 전국에서 가능한 업무입니다.
화성시 관내의 경우 읍면동 행정복지센터에서 업무처리 가능합니다.
👆상세보기를 눌러 정보를 확인해 주시기 바랍니다.
💡추가 문의는 아래 콜센터(1577-4200)로 연락 주시면 자세하게 알려드리겠습니다.",49,교통 · 차량 안내|🏠처음으로,tel:031-5189-3428|tel:031-5189-3402|tel:031-5189-3496|tel:031-5189-1957|tel:031-5189-3665|tel:031-5189-3669|tel:031-5189-1725|tel:031-5189-7141|tel:031-5189-2756|tel:031-5189-2547|tel:031-5189-2840|tel:031-5189-2775|tel:031-5189-2787|tel:031-5189-1986|tel:031-5189-2827|tel:031-5189-4385|tel:031-5189-4630|tel:031-5189-6907|tel:031-5189-6906|tel:031-5189-4506|tel:031-5189-4528|tel:031-5189-4526|tel:031-5189-4551|tel:031-5189-4565|tel:031-5189-4568|tel:031-5189-4586|tel:031-5189-4243|tel:031-5189-4611|tel:031-5189-4668|tel:031-5189-4751|tel:031-5189-4889|tel:031-5189-4845|tel:031-5189-4081|tel:031-5189-4075|tel:031-5189-4076|tel:031-5189-4465|tel:031-5189-4454|tel:031-5189-4927|tel:031-5189-4959|tel:031-5189-4312|tel:031-5189-4315|tel:031-5189-4645|tel:031-5189-4011|tel:031-5189-4014|tel:031-5189-4897|tel:031-5189-4894|tel:031-5189-4896|tel:031-5189-5358|tel:031-5189-5336
교통·차량,교통·차량 > 자동차 등록 관련 안내 > 자동차 이전 등록 대행업체,2,자동차 이전 등록 대행업체,btn_교통차량_자동차 이전 등록 대행업체_상위 인텐트_default,"자동차 이전 등록 대행업체 입니다.
🔹 (향남) 오복사: 010-3328-2500, 010-2890-1388
🔹 (향남) 태극사: 010-4707-5361
🔹 (동탄) 오복사: 010-5650-0109
🔹 (동탄) 삼우사: 010-3559-9821
아래에서 선택해 주시면 연결해 드리겠습니다.",0,,
교통·차량,교통·차량 > 자동차 등록 관련 안내 > 자동차 말소 여부 확인,2,자동차 말소 여부 확인,btn_교통차량_자동차 등록 방법_인터넷 말소등록_여부,"자동차 말소등록 여부는 자동차 등록원부 발급 받거나 또는  화성시청 콜센터에서 조회 가능합니다.
📌차량 번호, 차주 성함 필요
원하시는 발급 방법을 선택해 주시면 자세하게 알려드리겠습니다.",0,교통 · 차량 안내|🏠처음으로,
교통·차량,교통·차량 > 자동차 등록원부 발급 방법,1,자동차 등록원부 발급 방법,btn_교통차량_자동차 등록원부 발급_상위 인텐트_default,"자동차 등록원부는🔹인터넷🔹방문 발급이 가능합니다.
원하시는 발급 방식을 선택해 주시면 자세하게 알려드리겠습니다.",0,교통 · 차량 안내|🏠처음으로,
교통·차량,교통·차량 > 자동차 등록증 발급 방법,1,자동차 등록증 발급 방법,btn_교통차량_자동차 등록증 발급_상위 인텐트_default,"자동차 등록증은🔹인터넷 발급🔹방문 발급이 가능합니다.
원하시는 발급 방식을 선택해 주시면 자세하게 알려드리겠습니다.",0,교통 · 차량 안내|🏠처음으로,
교통·차량,교통·차량 > 당일 발급 자동차 번호판대,1,당일 발급 자동차 번호판대,btn_교통차량_당일 발급 자동차 번호판대_상위 인텐트_default,"번호판대는 화성시청 콜센터에서 확인 후 안내 가능합니다.
💡아래 버튼을 누르면 콜센터(1577-4200)로 연결해 드립니다.",0,교통 · 차량 안내|🏠처음으로,
교통·차량,교통·차량 > 자동차번호판 제작소,1,자동차번호판 제작소,btn_교통차량_자동차번호판 제작소_상위 인텐트_default,"화성시 자동차번호판 제작소 번호입니다.
🔹자동차번호판 제작소 (업무용 핸드폰 번호)
- 차량 끝 번호 홀수: 010-5283-9790
- 차량 끝 번호 짝수: 010-9153-7607",0,교통 · 차량 안내|🏠처음으로,
교통·차량,교통·차량 > 자동차번호 변경 가능 사유,1,자동차번호 변경 가능 사유,btn_교통차량_자동차번호판 변경 가능 사유_상위 인텐트_default,"승용차 기준 자동차번호 변경 가능한 사유입니다.
👉옆으로 넘겨 정보를 확인해 주시기 바랍니다.
💡추가 문의는 아래 콜센터(1577-4200)로 연락 주시면 자세하게 알려드리겠습니다.",0,교통 · 차량 안내|🏠처음으로,
교통·차량,교통·차량 > 저공해차 확인 방법,1,저공해차 확인 방법,btn_교통차량_저공해차 확인_상위 인텐트_default,"저공해 차량은 무공해차 통합누리집 사이트에서 확인 가능하여, 무공해차 통합누리집 선택해 주시면 바로 사이트로 연결해 드리겠습니다🙂",0,교통 · 차량 안내|🏠처음으로,
교통·차량,교통·차량 > 자동차 정기·종합 검사 과태료,1,자동차 정기·종합 검사 과태료,btn_교통차량_자동차 정기검사(종합검사)_과태료_상위 인텐트_default,"자동차 정기검사 (종합검사) 과태료🔹부과기준🔹금액 안내 가능합니다.
👉옆으로 넘겨 정보를 확인해 주시기 바랍니다.
💡추가 문의 또는 과태료 유선 조회는 아래 콜센터(1577-4200)로 연락 주시면 자세하게 알려드리겠습니다.",0,교통 · 차량 안내|🏠처음으로,
교통·차량,교통·차량 > 자동차 정기·종합 검사소,1,자동차 정기·종합 검사소,btn_교통차량_자동차 정기검사(종합검사) 검사소_상위 인텐트_default,"주소지 관계 없이 전국 한국교통안전공단 자동차 검사소 및 출장 검사장 또는 1급 공업사 모두 검사 가능 합니다.
화성시 인근 자동차 검사소 정보입니다. (전국 검사소 예약제 시행중)
1. 한국교통안전공단 서수원검사소
🔹주소: 수원시 권선구 수인로24(서둔동)
📞유선번호: 031-293-9339
2. 한국교통안전공단 수원검사소
🔹주소: 수원시 영통구 신원로 240(매탄동)
📞유선번호: 031-211-2414
3. 한국교통안전공단 동탄검사소
🔹주소: 경기도 화성시 동탄기흥로642-4
📞유선번호: 031-378-8731
💡추가 문의는 아",0,교통 · 차량 안내|🏠처음으로,
교통·차량,교통·차량 > 자동차 의무보험 미가입 과태료,1,자동차 의무보험 미가입 과태료,btn_교통차량_자동차 의무보험 미가입_상위 인텐트_default,"자동차 의무보험 미가입 과태료는 차종 관계없이 의무보험 만료 당일 바로 보험 가입해야 과태료 미부과이며, 하루라도 미가입 시 과태료 부과 대상입니다.
🔹자가용 자동차 의무보험 미가입 과태료 부과 흐름도입니다.
10일 이내 15,000원
↓
10일 초과 매일 6,000원씩 추가
↓
과태료 첫 발생일로부터 158일째 되는 날 90만원 부과
↓
90만원 발생 후 체납 시 첫 가산금 3% 부과 (총 금액: 927,000원)
↓
매월 1.2%씩 최대 60개월까지 총 75% 부과(최종금액: 1,575,000원)
💡과태료 조회는 화성시청 콜센터",0,교통 · 차량 안내|🏠처음으로,
교통·차량,교통·차량 > 건설기계 조종사 안전교육,1,건설기계 조종사 안전교육,btn_교통차량_건설기계 조종사 안전교육_상위 인텐트_default,"건설기계 조종사 안전교육은 건설기계 조종사 안전교육 통합포털 🔹인터넷 🔹콜센터 확인 방법이 있습니다.
원하시는 방법을 선택해 주시면 자세하게 알려드리겠습니다.",0,교통 · 차량 안내|🏠처음으로,
교통·차량,교통·차량 > 건설기계 조종사 면허증 발급,1,건설기계 조종사 면허증 발급,btn_교통·차량_건설기계 조종사 면허증 발급_default,"건설기계 조종사 자격증을 취득한 자 또는 이수한 경우 조종사 면허증 발급이 가능합니다.
🔹화성시 관내 접수처
- 주소: 경기도 화성시 향남읍 향남로 470 화성종합경기타운 실내체육관 1층
- 동탄분소 업무 불가합니다.
- 건설기계조종사면허증 소지자의 주소와 관계없이 전국에서 업무처리 가능합니다.
- 타시 방문하는 경우 방문처로 구비서류 문의해야합니다.
💡아래 버튼을 눌러 발급에 필요한 구비서류를 확인할 수 있습니다.",0,교통 · 차량 안내|🏠처음으로,
교통·차량,교통·차량 > 공영주차장 현황,1,공영주차장 현황,btn_교통·차량_공영주차장 현황_default,"화성시가 설치한 유료주차장을 화성도시공사가 대행하여 관리 운영하고 있습니다😊
💡아래 버튼을 눌러 정보를 확인해주세요.",0,교통 · 차량 안내|🏠처음으로,
교통·차량,교통·차량 > 화물자동차 공영차고지,1,화물자동차 공영차고지,btn_교통·차량_공영주차장 현황_$화물 관련,"화성시가 설치한 유료주차장을 화성도시공사가 대행하여 관리 운영하고 있습니다😊
💡아래 버튼을 눌러 정보를 확인해주세요.",0,교통 · 차량 안내|🏠처음으로,
교통·차량,교통·차량 > 불법 주정차 안내,1,불법 주정차 안내,btn_최상위_불법 주정차_default,불법 주정차 관련 원하는 정보를 선택해 주시면 자세하게 알려드리겠습니다🙂,6,교통 · 차량 안내|🏠처음으로,
교통·차량,교통·차량 > 불법 주정차 안내 > 불법 주정차 단속 요청,2,불법 주정차 단속 요청,btn_교통차량_불법 주정차 단속_상위 인텐트_default,"불법 주정차는🔹
법정도로변(인도변)
🔹
장애인 전용 주차구역 위치
에 따라 단속부서가 나눠집니다.
원하시는 단속 위치를 선택해 주시면 자세하게 알려드리겠습니다.",0,교통 · 차량 안내|🏠처음으로,
교통·차량,교통·차량 > 불법 주정차 안내 > 불법 주정차 단속 기준,2,불법 주정차 단속 기준,btn_교통차량_불법 주정차_단속 기준_default,"불법 주정차 단속 대상 지역에 10분 이상 주정차 단속됩니다.
👉옆으로 넘겨 정보를 확인해 주시기 바랍니다.
💡추가 문의는 아래 콜센터(1577-4200)로 연락 주시면 자세하게 알려드리겠습니다.",0,교통 · 차량 안내|🏠처음으로,
교통·차량,교통·차량 > 불법 주정차 안내 > 불법 주정차 과태료,2,불법 주정차 과태료,btn_교통차량_불법 주정차_과태료_default,"차량 종류별 불법 주정차 과태료 부과 금액입니다.
🔹
승용차, 4톤 이하 화물자동차
┗ 일반구역 4만원 / 소화전 5m 이내 8만원 / 어린이보호구역 12만원
🔹
승합차, 4톤 초과 화물자동차, 특수자동차, 건설기계
┗ 일반구역 5만원 / 소화전 5m 이내 9만원 / 어린이보호구역 13만원
📍사전통지서 발송 시
20% 감경액
고지서 등기 발송.
💡개인 부과
금액 조회
또는 추가 문의는 화성시청 콜센터(1577-4200)로 연락 주시면 자세하게 알려드리겠습니다.",0,교통 · 차량 안내|🏠처음으로,
교통·차량,교통·차량 > 불법 주정차 안내 > 불법 주정차 단속사진,2,불법 주정차 단속사진,btn_교통차량_불법 주정차_단속사진_default,"불법 주정차 과태료 단속사진은
화성시 주정차민원 서비스
사이트에서 확인 가능합니다.",0,교통 · 차량 안내|🏠처음으로,
교통·차량,교통·차량 > 불법 주정차 안내 > 휴대폰 문자알림 서비스,2,휴대폰 문자알림 서비스,btn_교통차량_불법 주정차_휴대폰 문자알림 서비스_default,"불법 주정차
휴대폰 문자알림 서비스
사이트에서 신청 가능합니다.",0,교통 · 차량 안내|🏠처음으로,
교통·차량,교통·차량 > 불법 주정차 안내 > 불법 주정차 이의신청,2,불법 주정차 이의신청,btn_교통차량_불법 주정차_이의신청(의견진술)_default,"불법 주정차 과태료 의견진술 및 이의신청 가능한 담당자 번호 입니다.
🔹만세구청 경제교통과 교통지도팀
┗031-5189-1223
🔹효행구청 안전건설과 교통지도팀
┗031-5189-7555
🔹병점구청 안전건설과 교통지도팀
┗031-5189-4791
🔹동탄구청 경제교통과 교통지도팀
┗031-5189-6980",0,교통 · 차량 안내|🏠처음으로,
교통·차량,교통·차량 > 도로파손 및 도로 관리,1,도로파손 및 도로 관리,btn_교통차량_도로파손 및 도로관리_상위 인텐트_default,"화성시는 권역별 도로 관리 소관처가 나눠집니다.
도로 보수 상담 가능한 담당자 번호를 알려드리겠습니다.
👆상세보기를 눌러 정보를 확인해 주시기 바랍니다.",9,교통 · 차량 안내|🏠처음으로,tel:031-5189-1053|tel:031-5189-1055|tel:031-5189-7559|tel:031-5189-4516|tel:031-5189-4187|tel:031-5189-5695|tel:031-5189-6387|tel:031-218-1751|tel:031-8008-5883
교통·차량,교통·차량 > 국가 배상신청 제도,1,국가 배상신청 제도,btn_교통차량_국가 배상신청 제도_상위 인텐트_default,"화성시는 권역별 국가배상신청 소관처가 나눠집니다.
👆상세보기를 눌러 정보를 확인해 주시기 바랍니다.",7,교통 · 차량 안내|🏠처음으로,tel:031-5189-1062|tel:031-5189-7548|tel:031-5189-7546|tel:031-5189-4190|tel:031-5189-6836|tel:031-218-1755|tel:031-8008-5888
교통·차량,교통·차량 > 버스노선 안내,1,버스노선 안내,btn_교통차량_버스노선 안내_상위 인텐트_default,"버스노선은🔹
경기버스정보
사이트에서 조회 가능합니다.",0,교통 · 차량 안내|🏠처음으로,
교통·차량,교통·차량 > 공항버스 예약,1,공항버스 예약,btn_교통차량_공항버스 예약_상위 인텐트_default,"공항버스 예약은🔹
티머니GO
🔹
버스타고
사이트에서 가능합니다.
원하시는 사이트를 선택해 주시면 바로 연결해 드리겠습니다.",0,교통 · 차량 안내|🏠처음으로,
교통·차량,교통·차량 > 화성시 무상교통 안내,1,화성시 무상교통 안내,btn_교통차량_화성시 무상교통 신청_상위 인텐트_default,화성시 무상 교통 사이트에서 신청방법 확인 가능합니다.,0,교통 · 차량 안내|🏠처음으로,
교통·차량,교통·차량 > 화성시 똑버스,1,화성시 똑버스,btn_교통·차량_화성시 똑버스_default,"화성시 똑버스는 신도시나 교통 취약지역에서 고정된 노선과 정해진 운행계획표 없이 승객의 호출에 대응해 탄력적으로 승객을 수송하는 맞춤형 대중교통 수단입니다.
🔹운행지역은 동탄1,2신도시, 향남1,2 신도시, 봉담읍, 남양읍, 마도면 입니다.
👉옆으로 넘겨 정보를 확인해 주시기 바랍니다.",0,교통 · 차량 안내|🏠처음으로,
행정일반,행정일반,0,행정일반,btn_최상위_행정일반_default,행정일반 업무 관련 원하는 정보를 선택해 주시면 자세하게 알려드리겠습니다🙂,33,🏠처음으로,
행정일반,행정일반 > 담당자 번호 안내,1,담당자 번호 안내,btn_행정일반_담당자 번호_상위 인텐트_default,담당자 번호는 화성시청 홈페이지에서 확인 가능합니다.,0,행정일반 안내|🏠처음으로,
행정일반,행정일반 > 부서 위치 안내,1,부서 위치 안내,btn_행정일반_부서 위치_상위 인텐트_default,담당 및 부서 위치는 화성시청 홈페이지에서 확인 가능합니다.,0,행정일반 안내|🏠처음으로,
행정일반,행정일반 > 서식 다운로드 안내,1,서식 다운로드 안내,btn_행정일반_서식 다운로드_상위 인텐트_default,"화성시청 홈페이지에서 서식 다운로드 가능합니다.
🔹 민원편람 및 서식 검색창에 업무(서식)명 입력 → 검색 클릭 → 게시글에서 서식 확인
🔹 전체▼ → 부서명 선택 → 검색 클릭 → 게시글에서 서식 확인",0,행정일반 안내|🏠처음으로,
행정일반,행정일반 > 통합예약시스템 안내,1,통합예약시스템 안내,btn_행정일반_통합예약시스템_상위 인텐트_default,"화성시 통합예약시스템
에서 하나의 아이디로 관내 다양한 공공서비스인 강좌·교육 및 문화·체험 신청과 공공·체육시설 예약을 간편하게 신청할 수 있습니다.",0,행정일반 안내|🏠처음으로,
행정일반,행정일반 > 무인민원발급기 위치 안내,1,무인민원발급기 위치 안내,btn_행정일반_무인민원발급기_default,"무인민원발급기 설치현황을 안내해드리겠습니다.
💡아래 버튼을 눌러 정보를 확인해주세요.",0,행정일반 안내|🏠처음으로,
행정일반,행정일반 > 항공사진,1,항공사진,btn_행정일반_항공사진_default,"화성시 항공🛫사진은 생활공간 웹포털에서 정보 확인 가능합니다!
💡아래 버튼을 눌러 정보를 확인해주세요.",0,행정일반 안내|🏠처음으로,
행정일반,행정일반 > 생활불편 도와드림,1,생활불편 도와드림,btn_행정일반_민원신청(국민신문고)_$도와드림,"일상생활하면서 작은 불편사항이 있으신가요? 그런 분들을 위한 생활불편 도와드림 서비스가 준비되어 있습니다!😊
일상 속 다양한 생활불편 민원을 간편하게 접수하고, 신속히 처리하는
생활불편 도와드림
서비스는 네이버폼을 통해 간편하게 신청이 가능합니다.
🔹제외사항: 일반 법정 민원인 각종 발급, 등록, 신고, 인허가 업무",0,일반 민원신청(국민신문고)|행정일반 안내|🏠처음으로,
행정일반,행정일반 > 무료 법률 상담,1,무료 법률 상담,btn_행정일반_법률 상담_상위 인텐트_default,"무료법률상담은 화성시에 주소를 둔 시민, 기업체, 공공기관 및 사기업 직원이면 누구나 무료상담이 가능합니다.
행정 관련 상담 및 소장 등 문서 작업을 제외한 민사·가사·형사·기타 등 시민생활에 관련된 생활법률 사건에 관한 초기 상담이 가능합니다.
정보를 선택해 주시면 자세하게 알려드리겠습니다🙂",0,행정일반 안내|🏠처음으로,
행정일반,행정일반 > 시민 안전 보험 안내,1,시민 안전 보험 안내,btn_행정일반_시민 안전 보험_상위 인텐트_default,"시민 안전 보험🔹
신청대상
🔹
구비서류
🔹
접수센터
안내해 드리겠습니다.
원하시는 항목을 선택해 주시면 자세하게 알려드리겠습니다.",0,행정일반 안내|🏠처음으로,
행정일반,행정일반 > 민방위 교육 일정,1,민방위 교육 일정,btn_행정일반_민방위 교육 일정_상위 인텐트_default,,0,,
행정일반,행정일반 > 화성시 소식지,1,화성시 소식지,btn_행정일반_화성시 소식지_default,"화성시는 시민들을 위한 시정, 복지, 보건, 문화소식 등 다양한 정보를 담은 소식지를 매월 발행하고 있습니다.
정기구독(무료)을 신청하시면 주소지로 보내드리오니 신청을 통해 화성시 최신 소식을 편리하게 받아보시기 바랍니다🙌",0,행정일반 안내|🏠처음으로,
행정일반,행정일반 > 고향사랑기부제,1,고향사랑기부제,btn_행정일반_고향사랑기부제_기본 답변_default,"고향사랑기부제는 개인이 고향에 기부하고 지자체는 이를 모아서 주민복리에 사용하는 제도로 기부자에게는 고향사랑 기부에 대한 세액공제와 기부한 고향의 답례품 혜택을 드리고 있습니다.
🔹기부주체: 개인, 거주하는 지역 외의 광역 및 기초지자체 기부 가능 (법인 불가)
🔹기부금액: 연간 합산 최대 500만원 (다수 지자체 기부 가능)
🔹기부방법
1. 온라인: 고향사랑e음 시스템 이용
2. 오프라인: NH농협은행 방문
🔹기부혜택: 세액공제 (10만원까지 전액, 10만원 초과시 16.5%) 및 답례품
(기부액 30%) 지급 (중복혜택)
고향사",0,행정일반 안내|🏠처음으로,
행정일반,행정일반 > 민원신청(국민신문고),1,민원신청(국민신문고),btn_행정일반_민원신청(국민신문고)_default,"화성시 민원신청은 질의·상담민원, 고충민원 등 각종 불편사항에 관한 민원을 신청하고 확인하는 창구로, 행정기관 민원서비스 통합에 따라 2017년 11월 20일부터 국민권익위원회에서 운영하는 국민신문고로 통합하여 서비스하고 있습니다.
📌화성시 소관이 아닌 민원은 「민원 처리에 관한 법률」 제16조에 의거 해당 기관으로 이송 후 처리됩니다.
📌민원신청 글 등록 오류 문의처: 국민신문고 헬프데스크 1600-8172",0,행정일반 안내|🏠처음으로,
행정일반,행정일반 > 수치지형도,1,수치지형도,btn_행정일반_수치지형도_default,"1:5,000 축적의 수치지형도는 국토정보플랫폼에서 정보 확인 가능합니다!
💡아래 버튼을 눌러 정보를 확인해주세요.",0,행정일반 안내|🏠처음으로,
행정일반,행정일반 > 여권 접수 안내,1,여권 접수 안내,btn_최상위_여권_default,여권업무 관련 원하는 정보를 선택해 주시면 자세하게 알려드리겠습니다🙂,0,행정일반 안내|🏠처음으로,
행정일반,행정일반 > 주민등록 업무 안내,1,주민등록 업무 안내,btn_최상위_주민 등록_default,주민 등록업무 관련 원하는 정보를 선택해 주시면 자세하게 알려드리겠습니다🙂,0,행정일반 안내|🏠처음으로,
행정일반,행정일반 > 가족관계증명서 발급,1,가족관계증명서 발급,btn_행정일반_가족관계증명서 발급_상위 인텐트_default,"가족관계증명서는🔹
방문
🔹
인터넷 발급
이 가능합니다.
1. 방문 : 주소지와 상관없이 전국 시청, 출장소, 읍면동 행정복지센터 창구에서 즉시발급 가능
2. 인터넷 : 대한민국 법원 전자가족관계등록시스템에서 발급 가능
원하시는 발급 방법을 선택해 주시면 자세하게 알려드리겠습니다.",0,행정일반 안내|🏠처음으로,
행정일반,행정일반 > 인감증명서 발급,1,인감증명서 발급,btn_행정일반_인감증명서 발급_상위 인텐트_default,"인감증명서는
개인
과
법인
에 따라 발급방법이 달라집니다.
원하시는 발급대상을 선택해 주시면 자세하게 알려드리겠습니다.",0,행정일반 안내|🏠처음으로,
행정일반,행정일반 > 공동주택 업무 안내,1,공동주택 업무 안내,btn_행정일반_공동주택 업무_기본 답변_default,공동주택 관련 원하는 정보를 선택해 주시면 자세하게 알려드리겠습니다🙂,0,행정일반 안내|🏠처음으로,
행정일반,행정일반 > 전월세 신고제,1,전월세 신고제,btn_행정일반_전월세 신고제_default,"주택임대차 계약 시 인적사항, 주택유형, 면적, 임대료, 계약일, 임대기간 등을 주택 소재지 관할 읍면동 행정복지센터에 신고해야 함
- 임대차계약서 제출 시 확정일자 부여 업무까지 처리 가능
🔹신고 의무인: 임대차계약 당사자
- 임대인과 임차인 중 1명이 임대차계약서 제출하면 공동신고로 간주됨
🔹신고 기한: 계약체결 후 30일 이내
🔹신고 방법: 인터넷(부동산거래관리시스템)
🔹신고처: 주택 소재지 관할 읍면동 행정복지센터
🔹구비 서류
1)주택 임대차 계약 신고서
2)주택 임대차 계약서(확정일자 부여 시 필요)",0,행정일반 안내|🏠처음으로,
행정일반,행정일반 > 전문건설업 안내,1,전문건설업 안내,btn_행정일반_전문건설업 안내_default,전문건설업 업무 관련 원하는 정보를 선택해주시면 자세하게 알려드리겠습니다🙂,5,행정일반 안내|🏠처음으로,
행정일반,행정일반 > 전문건설업 안내 > 전문건설업 등록절차 안내,2,전문건설업 등록절차 안내,btn_행정일반_전문건설업 안내_$절차,"전문건설업 등록 절차를 알려드리겠습니다🙂
🔹전문건설업 등록 절차
담당부서 방문 및 서류 사전검토 ▷ 민원실 서류 접수 ▷ 담당자 서류 확인 및 경찰서 결격의뢰 ▷ 사무실 방문(건축법 등 위반사항 점검) ▷ 건설업 등록 ▷ 등록증 및 수첩 교부",0,전문건설업 안내|행정일반 안내|🏠처음으로,
행정일반,행정일반 > 전문건설업 안내 > 전문건설업 담당자 연락처,2,전문건설업 담당자 연락처,btn_행정일반_전문건설업 안내_$연락처,"전문건설업 등록 및 신고 담당 부서 연락처를 알려드리겠습니다🙂
전문건설업 등록 및 신고 접수 시에는 담당 부서를 방문하여 제출서류에 대한 사전 검토를 받으셔야 합니다.
담당 부서 방문 전에는 반드시 사전에 연락해 주시기 바라며, 업무분야 및 지역별 담당자 연락처는 아래 카드를 확인해 주시기 바랍니다.",0,전문건설업 안내|행정일반 안내|🏠처음으로,
행정일반,행정일반 > 전문건설업 안내 > 전문건설업 등록 및 신고 접수 방문처,2,전문건설업 등록 및 신고 접수 방문처,btn_행정일반_전문건설업 안내_$방문,"전문건설업 등록 및 신고 방문처를 알려드리겠습니다🙂
전문건설업 등록 및 신고 접수 시에는 담당 부서를 방문하여 제출서류에 대한 사전 검토를 받으셔야 합니다.
방문처(담당부서)는 아래와 같습니다.
🔹방문처: 화성특례시청 건설과(별관 2층)
- 주소: 경기 화성시 남양읍 시청로 159, 별관 2층",0,전문건설업 안내|행정일반 안내|🏠처음으로,
행정일반,행정일반 > 전문건설업 안내 > 전문건설업 구비서류 안내,2,전문건설업 구비서류 안내,btn_행정일반_전문건설업 안내_$서류,"전문건설업 등록에 필요한 구비서류를 알려드리겠습니다🙂
전문건설업 등록 시 구비서류 목록 및 서식은 아래의 링크에서 확인하실 수 있습니다.
👉화성특례시청 홈페이지 → 화성특례시소개 → 특례시청 안내 → 부서별 새소식",0,전문건설업 안내|행정일반 안내|🏠처음으로,
행정일반,행정일반 > 전문건설업 안내 > 전문건설업 등록 및 신고 신청 처리기간,2,전문건설업 등록 및 신고 신청 처리기간,btn_행정일반_전문건설업 안내_$기간,"전문건설업 등록 및 신고 신청시 처리기간을 알려드리겠습니다🙂
🔹처리기간
- 신규등록(주력 및 업종 추가 포함): 20일
- 기재사항 변경: 즉시(대표자 변경 포함시 3일)
- 폐업(주력 말소 포함): 즉시
- 양도·양수: 10일
- 합병: 7일
- 재발급: 1일
※ 처리기간에 공휴일과 토요일은 산입하지 아니함.",0,전문건설업 안내|행정일반 안내|🏠처음으로,
행정일반,행정일반 > 혼인신고,1,혼인신고,btn_행정일반_혼인신고_상위 인텐트_default,"혼인신고는 전국 가족관계등록관서 (시(구),군,읍,면,출장소)에서 가능합니다.
(화성시 기준 구청 및 읍면 행정복지센터에서 가능)
🔹
성인 내국인
🔹
성인 국제결혼
🔹
미성년자
대상에 따라 구비서류가 달라집니다.
원하시는 대상을 선택해 주시면 자세하게 알려드리겠습니다.",0,행정일반 안내|🏠처음으로,
행정일반,행정일반 > 이혼신고,1,이혼신고,btn_행정일반_이혼신고_상위 인텐트_default,"이혼신고는 전국 가족관계등록관서 (시(구),군,읍,면,출장소)에서 가능합니다.
(화성시 기준 구청 및 읍면 행정복지센터에서 가능)
🔹
협의이혼
🔹
재판이혼
선택해 주시면 자세하게 알려드리겠습니다.",0,행정일반 안내|🏠처음으로,
행정일반,행정일반 > 개명신고,1,개명신고,btn_행정일반_개명신고_상위 인텐트_default,"개명신고는🔹
방문
🔹
인터넷
신고 가능합니다.
1. 방문 : 전국 가족관계등록관서 (시(구),군,읍,면,출장소)에서 가능
(화성시 기준 구청 및 읍면 행정복지센터에서 가능)
2. 인터넷 : 대한민국 법원 전자가족관계등록시스템에서 가능
원하시는 신고방법을 선택해 주시면 자세하게 알려드리겠습니다.",0,행정일반 안내|🏠처음으로,
행정일반,행정일반 > 사망신고,1,사망신고,btn_행정일반_사망신고_상위 인텐트_default,"사망신고 전국 가족관계등록관서 (시(구),군,읍,면,출장소)에서 가능합니다.
(화성시 기준 구청 및 읍면 행정복지센터에서 가능)
🔹신고기한: 사망일로부터 1개월이내
구비서류는🔹친족 🔹그 외 방문에 따라서 구비서류가 달라집니다.
👉옆으로 넘겨 정보를 확인해 주시기 바랍니다.",0,행정일반 안내|🏠처음으로,
행정일반,행정일반 > 내국인 인감신고,1,내국인 인감신고,btn_행정일반_내국인 인감신고_default,"내국인 인감신고에 대해 안내해드리겠습니다.
🔹방문처: 주민등록상 주소지 관할 읍면동 행정복지센터(본인 방문 신청만 가능)
🔹구비서류: 본인 신분증, 인감도장",0,행정일반 안내|🏠처음으로,
행정일반,행정일반 > 희망화성 지역화폐,1,희망화성 지역화폐,btn_행정일반_희망화성 지역화폐_default,"희망화성지역화폐는 소상공인 매출증대 및 지역경제 선순환을 위하여 화성시 소상공인 점포에서만 사용할 수 있는 충전식 선불카드입니다.
🔹지원대상: 희망화성지역화폐를 충전한 자
🔹지원내용: 인센티브 10%(인센티브 지급한도 월5만원)
🔹충전일시: 매월 1일 15시 ~ 예산 소진시까지
🔹신청기간: 상시 신청
🔹신청방법
1) 경기지역화폐 앱을 통해 카드 신청
- 경기지역화폐앱(어플)다운로드➡️앱(어플)회원가입 후 로그인 및 카드신청
2) 경기지역화폐사용자 포털을 통한 신청
- 경기지역화폐 사용자 포털➡️화성시 선택 후 신청 (회원가입해야 카",0,행정일반 안내|🏠처음으로,
행정일반,행정일반 > 등기소 정보 안내,1,등기소 정보 안내,btn_기타_유관기관 번호_등기소_default,"화성시 관할 수원지방법원 등기국 정보를 알려드리겠습니다.
🔹관할지역: 화성시 전체
🔹연락처: 1544-0773
🔹주소: 경기도 수원시 영통구 매영로345번길 49",0,행정일반 안내|🏠처음으로,
행정일반,행정일반 > 세무서 정보 안내,1,세무서 정보 안내,btn_기타_유관기관 번호_세무서_default,"화성시 관내 세무서 정보를 알려드리겠습니다.
👉옆으로 넘겨 정보를 확인해 주시기 바랍니다.",0,행정일반 안내|🏠처음으로,
행정일반,행정일반 > 소방서 정보 안내,1,소방서 정보 안내,btn_기타_유관기관 번호_소방서_default,"화성시 관할 소방서 정보를 알려드리겠습니다.
🔹관할지역: 화성시 전체
🔹연락처: 031-8012-6119
🔹주소: 화성시 향남읍 향남로 399 (행정리 436-6)",0,행정일반 안내|🏠처음으로,
행정일반,행정일반 > 경찰서 정보 안내,1,경찰서 정보 안내,btn_기타_유관기관 번호_신호위반 과태료_default,"화성시 관내 경찰서 번호를 알려드리겠습니다.
※ 신호위반, 속도위반 과태료 문의가 가능합니다.
🔹대표번호
- 국번 없이 182
🔹화성 서부경찰서
- 031-379-9219
🔹화성 동탄경찰서
- (평일, 주간) 031-639-1324
- (휴일, 야간) 031-639-1313
원하시는 번호를 선택해 주시면 연결해 드리겠습니다.",0,행정일반 안내|🏠처음으로,
행정일반,행정일반 > LX한국국토정보공사(측량) 안내,1,LX한국국토정보공사(측량) 안내,btn_기타_유관기관 번호_측량신청_default,"측량 신청 문의 가능한 LX한국국토정보공사 번호를 알려드리겠습니다.
🔹시 파견 직원: 031-5189-3018,1660
🔹대표 콜센터: 1588-7704
원하시는 번호를 선택해 주시면 연결해 드리겠습니다.",0,행정일반 안내|🏠처음으로,
행정일반,행정일반 > 화성시 일자리센터,1,화성시 일자리센터,btn_행정일반_화성시 일자리센터_default,"일자리센터 운영을 통한 구인.구직알선, 취업상담, 취업프로그램 운영하고 있습니다!😊
🔹일자리센터 위치 및 연락처
- 주소: 경기도 화성시 병점중앙로 195, 창현빌딩 3층 (진안동)
- 번호: 031-892-0241",0,행정일반 안내|🏠처음으로,
환경,환경,0,환경,btn_최상위_환경_default,환경업무 관련 원하는 정보를 선택해 주시면 자세하게 알려드리겠습니다🙂,6,🏠처음으로,
환경,환경 > 환경개선부담금 안내,1,환경개선부담금 안내,btn_환경_환경개선부담금_상위 인텐트_default,"환경개선부담금 부과기준과 부과 대상자에 대해 알려드리겠습니다.
👉옆으로 넘겨 정보를 확인해 주시기 바랍니다.
💡조회 및 납부 등 추가 문의는 아래 콜센터(1577-4200)로 연락 주시면 자세하게 알려드리겠습니다.",0,환경 안내|🏠처음으로,
환경,환경 > 로드킬(동물사체) 처리,1,로드킬(동물사체) 처리,btn_환경_로드킬(동물사체) 처리_상위 인텐트_default,"로드킬(동물사체) 처리요청 가능한 담당자 번호입니다.
🔹동물사체의 위치가 국도인 경우
┗ 수원국토관리사무소: 031-218-1731~2
👆상세보기를 눌러 정보를 확인해 주시기 바랍니다.",20,환경 안내|🏠처음으로,tel:031-218-1731|tel:031-218-1732|tel:031-5189-1960|tel:031-5189-6474|tel:031-5189-3412|tel:031-5189-1987|tel:031-5189-7228|tel:031-5189-3462|tel:031-5189-2565|tel:031-5189-3770|tel:031-5189-6731|tel:031-5189-1340|tel:031-5189-2541|tel:031-5189-6427|tel:031-5189-2542|tel:031-5189-4626|tel:031-5189-7746|tel:tel:031-5189-4252|tel:tel:031-5189-4162|tel:031-5189-5308
환경,환경 > 쓰레기 관련 정보 안내,1,쓰레기 관련 정보 안내,btn_환경_쓰레기_상위 인텐트_default,🗑️쓰레기에 관한 궁금하신 정보를 선택해 주시면 자세하게 알려드리겠습니다.,0,환경 안내|🏠처음으로,
환경,환경 > 노후경유차 조기폐차 보조금 지원사업,1,노후경유차 조기폐차 보조금 지원사업,btn_환경_노후경유차 조기폐차 보조금 지원사업_default,"노후자동차에서 발생하는 매연을 줄여 시민의 건강을 보호하고 쾌적한 대기환경을 조성하기 위해 정상운행이 가능한 오래된 경유자동차를 조기에 폐차할 경우 보조금을 지원해주는 사업입니다.
🔹담당자: 시청 기후환경정책과 미세먼지대응팀(031-5189-6726)",0,환경 안내|🏠처음으로,
환경,환경 > 수도 요금 안내,1,수도 요금 안내,btn_환경_수도 요금_상위 인텐트_default,수도 요금에 관한 궁금하신 정보를 선택해 주시면 자세하게 알려드리겠습니다.,0,환경 안내|🏠처음으로,
환경,환경 > 정화조 안내,1,정화조 안내,btn_환경_정화조_상위 인텐트_default,정화조에 관한 궁금하신 정보를 선택해 주시면 자세하게 알려드리겠습니다.,0,환경 안내|🏠처음으로,
보건·복지,보건·복지,0,보건·복지,btn_최상위_보건복지_default,화성시에서 제공되는 보건 · 복지 관련 관심있는 정보를 선택해 주시면 자세하게 알려드리겠습니다🙂,31,🏠처음으로,
문화·관광,문화·관광,0,문화·관광,btn_최상위_문화관광_default,환경업무 관련 원하는 정보를 선택해 주시면 자세하게 알려드리겠습니다🙂,6,🏠처음으로,
정책광장,정책광장,0,정책광장,btn_최상위_정책광장_default,세정업무 관련 원하는 정보를 선택해 주시면 자세하게 알려드리겠습니다🙂,18,🏠처음으로,
